{"cameraMode":{"drawMode":0,"name":"Shaded","section":"Shading Mode"},"sceneLighting":true,"audioPlay":false,"sceneViewState":{"showFog":true,"showMaterialUpdate":false,"showSkybox":true,"showFlares":true,"showImageEffects":true,"showParticleSystems":true},"in2DMode":false,"pivot":{"x":-67.28766632080078,"y":1.8077869415283204,"z":116.283935546875},"rotation":{"x":-0.0434870608150959,"y":0.11870273947715759,"z":-0.005197645630687475,"w":-0.9919783473014832},"size":116.80337524414063,"orthographic":false}